Rank,Ward_Name,Zone,Mean_LST_C,BuiltUp_Pct,Green_Pct
0,Rajagopal Nagar,Dasarahalli ,32.6,86.0,6.0
1,Peenya Industrial Area,Dasarahalli ,32.4,77.0,13.0
2,Laggere,Rajarajeswari Nagar,32.2,96.0,1.0
3,HMT Ward,Rajarajeswari Nagar,32.1,71.0,22.0
4,Lakshmi Devi Nagar,Rajarajeswari Nagar,32.1,81.0,14.0
5,Hegganahalli,Dasarahalli ,32.0,96.0,1.0
6,Gali Anjenaya Temple ward,South,32.0,91.0,5.0
7,Jagajivanaramnagar,West,31.9,82.0,16.0
8,Nandini Layout,West,31.8,79.0,15.0
9,Vrisabhavathi Nagar,West,31.8,93.0,1.0
